sequence_id,position,residue,x,y,z
rna_1,1,A,-0.001191500574350357,-0.023271117359399796,-0.041732579469680786
rna_1,2,C,-0.0012416932731866837,-0.02323434315621853,-0.041799627244472504
rna_1,3,G,-0.0012186113744974136,-0.02324814721941948,-0.041799306869506836
rna_1,4,U,-0.001227743923664093,-0.02325555682182312,-0.04181601107120514
rna_1,5,A,-0.00118979811668396,-0.023266363888978958,-0.04173673689365387
rna_1,6,C,-0.001234510913491249,-0.02323189750313759,-0.041801728308200836
rna_1,7,G,-0.0012125521898269653,-0.02324909344315529,-0.04180262237787247
rna_1,8,U,-0.0012227613478899002,-0.02325478568673134,-0.04182019829750061
rna_1,9,A,-0.001188565045595169,-0.023267176002264023,-0.0417393334209919
rna_1,10,C,-0.0012334436178207397,-0.0232322309166193,-0.04180338606238365
rna_1,11,G,-0.001211630180478096,-0.023249827325344086,-0.04180367290973663
rna_1,12,U,-0.0012222584336996078,-0.023255199193954468,-0.04182092845439911
rna_1,13,A,-0.0011885035783052444,-0.023267965763807297,-0.04173948988318443
rna_1,14,C,-0.0012338384985923767,-0.02323261648416519,-0.041803669184446335
rna_1,15,G,-0.0012117456644773483,-0.023250261321663857,-0.041803862899541855
rna_1,16,U,-0.0012228377163410187,-0.023255134001374245,-0.04182074964046478
rna_1,17,A,-0.0011897832155227661,-0.023268122225999832,-0.04174163565039635
rna_1,18,C,-0.0012383945286273956,-0.023228256031870842,-0.04180971160531044
rna_1,19,G,-0.0012139510363340378,-0.02323765493929386,-0.04181342199444771
rna_1,20,U,-0.0012386813759803772,-0.023232784122228622,-0.041836999356746674
rna_2,1,G,-0.009440958499908447,-0.01295582577586174,-0.045405708253383636
rna_2,2,G,-0.009420819580554962,-0.012885471805930138,-0.04540262371301651
rna_2,3,G,-0.009346876293420792,-0.012849444523453712,-0.045409031212329865
rna_2,4,A,-0.00917624868452549,-0.012960931286215782,-0.04534638673067093
rna_2,5,A,-0.009201565757393837,-0.013026012107729912,-0.0453222282230854
rna_2,6,A,-0.009257195517420769,-0.013004058972001076,-0.04532445967197418
rna_2,7,U,-0.009261785075068474,-0.012803230434656143,-0.04543812945485115
rna_2,8,U,-0.009217433631420135,-0.012818478979170322,-0.04548987001180649
rna_2,9,U,-0.009238652884960175,-0.012845472432672977,-0.045511845499277115
rna_2,10,C,-0.00954534113407135,-0.012897509150207043,-0.04551960155367851
rna_2,11,C,-0.009600674733519554,-0.012944822199642658,-0.04553384333848953
rna_2,12,C,-0.009588170796632767,-0.013013274408876896,-0.045530784875154495
rna_2,13,G,-0.009451847523450851,-0.012998242862522602,-0.04546131193637848
rna_2,14,G,-0.009408645331859589,-0.012899872846901417,-0.04545038938522339
rna_2,15,A,-0.009329725056886673,-0.01297265850007534,-0.045383960008621216
